[
  {
    "id": "44431569-1171-4ef2-ad39-ac55d0cb2cc1",
    "data": [
      {
        "text": "there",
        "userDefined": false
      }
    ],
    "isTemplate": false,
    "count": 0,
    "updated": 0
  },
  {
    "id": "f58704b7-5e6c-4009-9dbf-c649482b2287",
    "data": [
      {
        "text": "hey",
        "userDefined": false
      }
    ],
    "isTemplate": false,
    "count": 0,
    "updated": 0
  },
  {
    "id": "1c2d13d7-7f81-4c48-8435-a6cd0d4a72c4",
    "data": [
      {
        "text": "?",
        "userDefined": false
      }
    ],
    "isTemplate": false,
    "count": 1,
    "updated": 0
  },
  {
    "id": "59989e8e-d2c1-4207-a3c1-012b2f47226d",
    "data": [
      {
        "text": "hi",
        "userDefined": false
      }
    ],
    "isTemplate": false,
    "count": 0,
    "updated": 0
  },
  {
    "id": "d1362152-d7f8-40f3-a304-e17a3a90513a",
    "data": [
      {
        "text": "you there",
        "userDefined": false
      }
    ],
    "isTemplate": false,
    "count": 0,
    "updated": 0
  },
  {
    "id": "06191e65-bef7-4b28-9379-2e7cbeecdc56",
    "data": [
      {
        "text": "hello",
        "userDefined": false
      }
    ],
    "isTemplate": false,
    "count": 0,
    "updated": 0
  }
]