[
  {
    "id": "c4521292-1d4c-460c-b6dd-aca0697a95d1",
    "data": [
      {
        "text": "square",
        "alias": "operation",
        "meta": "@operation-type",
        "userDefined": false
      },
      {
        "text": " number",
        "userDefined": false
      }
    ],
    "isTemplate": false,
    "count": 0,
    "updated": 0
  },
  {
    "id": "1e74836d-2b79-4686-9627-0e4012a2fbec",
    "data": [
      {
        "text": "square",
        "alias": "operation",
        "meta": "@operation-type",
        "userDefined": true
      },
      {
        "text": " of ",
        "userDefined": false
      },
      {
        "text": "fifteen",
        "alias": "number",
        "meta": "@sys.number",
        "userDefined": true
      }
    ],
    "isTemplate": false,
    "count": 0,
    "updated": 0
  },
  {
    "id": "5c665146-1818-4d39-8cd0-4948443d69f2",
    "data": [
      {
        "text": "calculate the ",
        "userDefined": false
      },
      {
        "text": "square",
        "alias": "operation",
        "meta": "@operation-type",
        "userDefined": true
      },
      {
        "text": " of ",
        "userDefined": false
      },
      {
        "text": "six",
        "alias": "number",
        "meta": "@sys.number",
        "userDefined": true
      }
    ],
    "isTemplate": false,
    "count": 0,
    "updated": 0
  },
  {
    "id": "abf5dfbc-2201-4c7c-a39e-5c7644c782dd",
    "data": [
      {
        "text": "tell me the ",
        "userDefined": false
      },
      {
        "text": "square",
        "alias": "operation",
        "meta": "@operation-type",
        "userDefined": true
      },
      {
        "text": " of ",
        "userDefined": false
      },
      {
        "text": "four",
        "alias": "number",
        "meta": "@sys.number",
        "userDefined": true
      }
    ],
    "isTemplate": false,
    "count": 0,
    "updated": 0
  },
  {
    "id": "88efcfaa-7165-4e0d-9020-2a478bb51cc7",
    "data": [
      {
        "text": "what is the ",
        "userDefined": false
      },
      {
        "text": "square",
        "alias": "operation",
        "meta": "@operation-type",
        "userDefined": true
      },
      {
        "text": " of ",
        "userDefined": false
      },
      {
        "text": "5",
        "alias": "number",
        "meta": "@sys.number",
        "userDefined": false
      }
    ],
    "isTemplate": false,
    "count": 0,
    "updated": 0
  }
]